Issue ID,Parent ID,Summary,Issue Type,Description,Priority
10,,PET-1 Documentation,Epic,Phân hệ chịu trách nhiệm chuẩn bị tài liệu kỹ thuật, đặc tả hệ thống và quy tắc chung cho toàn dự án.,Medium
11,10,Nghiên cứu Kiến trúc & Hợp phần Hệ thống (PET-1.1),Task,Phân tích luồng dữ liệu 3 tầng (React Native Expo client <--> REST API Spring Boot <--> MySQL Database). Lựa chọn phương thức giao tiếp (JSON qua HTTP RESTful, Multipart/form-data cho tải tệp). Thống nhất cơ chế bảo mật (Stateless JWT Authentication với Access Token và Refresh Token).,Medium
12,10,Thiết kế Cơ sở Dữ liệu & Sơ đồ ERD (PET-1.2),Task,Đặc tả chi tiết cấu trúc 28 bảng CSDL MySQL. Thiết lập khóa chính, khóa ngoại, các chỉ mục (Indexes) để tối ưu hóa hiệu năng truy vấn. Thiết lập các ràng buộc toàn vẹn dữ liệu như ON DELETE CASCADE, ON DELETE SET NULL.,High
13,10,Đặc tả Chi tiết Luồng Nghiệp vụ Xuyên Suốt (PET-1.3),Task,Viết tài liệu mô tả từng bước (Step-by-step) của 15 luồng hoạt động chính trong hệ thống. Làm rõ hành động của người dùng trên App di động, các yêu cầu gửi lên API, các câu lệnh SQL truy vấn và phản hồi tương ứng.,Medium
14,10,Viết Quy chuẩn Lập trình & Phối hợp Code (PET-1.4),Task,Thống nhất quy tắc đặt tên biến, tên hàm, cấu trúc gói (packages) trong Spring Boot. Cấu hình định dạng code (Prettier cho React Native, Checkstyle cho Java). Quy định cấu trúc Git Commit.,Low
20,,PET-2 Authentication & User Management,Epic,Phân hệ chịu trách nhiệm đăng ký, đăng nhập, bảo mật tài khoản, gửi OTP khôi phục mật khẩu và cấu hình người dùng.,High
21,20,Cấu hình Spring Security & Cơ chế JWT (PET-2.1),Task,Tích hợp thư viện Spring Security và JWT (jjwt) vào pom.xml. Viết JwtTokenProvider để sinh và giải mã Access Token (15 phút) và Refresh Token (30 ngày). Viết JwtAuthenticationFilter để chặn và xác thực token trong mỗi request. Cấu hình phân quyền truy cập trong WebSecurityConfig.,High
22,20,Thiết lập Database & Entity cho Tài khoản (PET-2.2),Task,Tạo các bảng users, user_sessions, password_resets trong MySQL. Ánh xạ các bảng thành các JPA Entities (User.java, UserSession.java, PasswordReset.java) với các ràng buộc @Column, @Enumerated. Xây dựng Repository tương ứng.,High
23,20,API Đăng Ký Tài Khoản Mới (PET-2.3),Task,Viết Request DTO (RegisterRequest) validate dữ liệu đầu vào. Logic kiểm tra email tồn tại trong DB, thực hiện băm (Hash) mật khẩu bằng BCrypt. Lưu thông tin người dùng mới kèm cấu hình mặc định vào bảng users.,High
24,20,API Đăng Nhập & Tạo Phiên (PET-2.4),Task,Xác thực email và mật khẩu. Kiểm tra trạng thái tài khoản. Sinh JWT Access Token & Refresh Token. Ghi nhận phiên đăng nhập mới vào bảng user_sessions (device_token, device_type, ip_address).,High
25,20,API Làm mới Token & Đăng xuất (PET-2.5),Task,API Refresh Token: Kiểm tra tính hợp lệ của Refresh Token, cấp mới Access Token. API Logout: Nhận Refresh Token và cập nhật trạng thái is_revoked = true trong bảng user_sessions.,Medium
26,20,API Quên Mật Khẩu & Gửi OTP qua Email (PET-2.6),Task,Sinh mã OTP ngẫu nhiên gồm 6 chữ số và mã Token phiên reset mật khẩu (hạn dùng 15 phút). Vô hiệu hóa OTP cũ. Lưu OTP mới vào bảng password_resets. Gửi email chứa OTP cho người dùng qua SMTP Server.,Medium
27,20,API Xác thực OTP & Đặt lại mật khẩu (PET-2.7),Task,So khớp OTP, Token phiên và thời gian hết hạn. Băm mật khẩu mới bằng BCrypt và cập nhật cột password_hash. Đánh dấu OTP đã sử dụng. Thu hồi toàn bộ các phiên làm việc cũ trong bảng user_sessions.,High
28,20,API Thông tin & Cập nhật Hồ sơ cá nhân (PET-2.8),Task,Lấy thông tin cá nhân của người dùng đang đăng nhập (không trả về password hash). Cập nhật thông tin: họ tên, số điện thoại, avatar URL, ngôn ngữ cài đặt, múi giờ.,Medium
29,20,Thiết lập Giao diện Authentication trên React Native (PET-2.9),Task,Khởi tạo dự án Expo Router với thư mục /src/app/(auth)/. Thiết lập Axios Instance với Interceptors tự động đính kèm JWT và gọi API Refresh Token khi có lỗi 401. Xây dựng màn hình Splash và Onboarding.,High
30,20,Giao diện Đăng nhập & Đăng ký (PET-2.10),Task,Xây dựng màn hình đăng nhập, đăng ký với validation form (email, password, khớp mật khẩu) và Toast thông báo trên app Expo.,High
31,20,Giao diện Quên mật khẩu & Nhập OTP (PET-2.11),Task,Xây dựng các màn hình nhập Email nhận OTP, màn hình nhập 6 số OTP và mật khẩu mới.,Medium
32,20,Giao diện Hồ sơ Người dùng (PET-2.12),Task,Xây dựng màn hình hiển thị thông tin cá nhân và cho phép cập nhật thông tin (họ tên, số điện thoại, chọn ảnh từ thư viện làm avatar).,Medium
40,,PET-3 Pet Profile,Epic,Phân hệ quản lý toàn bộ vòng đời hồ sơ của thú cưng, thông tin giống loài, màu sắc sinh học và chia sẻ hồ sơ qua QR code.,High
41,40,Thiết lập Database & Entity cho Hồ sơ Thú cưng (PET-3.1),Task,Tạo các bảng danh mục: categories_species, categories_breeds và bảng chính pets. Ánh xạ thành Entity JPA với quan hệ @ManyToOne, @OneToMany. Ràng buộc owner_id có ON DELETE CASCADE.,High
42,40,API Danh mục Loài và Giống thú cưng (PET-3.2),Task,Viết API lấy danh sách các loài thú cưng và các giống thú cưng thuộc về một loài cụ thể để hiển thị lên dropdown khi tạo thú cưng.,Medium
43,40,API Thêm mới Thú cưng (PET-3.3),Task,Nhận thông tin thú cưng. Trong Transaction: chèn pets, thêm cân nặng ban đầu vào weight_logs, tự động nhân bản lịch tiêm gợi ý theo loài từ vaccine_templates vào pet_vaccinations, tạo sự kiện timeline.,High
44,40,API Xem danh sách & Chi tiết hồ sơ Thú cưng (PET-3.4),Task,Viết API lấy danh sách thú cưng của người dùng (bao gồm sở hữu chính và đồng chăm sóc) và chi tiết thông tin một bé thú cưng cụ thể.,High
45,40,API Cập nhật & Lưu trữ hồ sơ Thú cưng (PET-3.5),Task,Viết API cập nhật thông tin thú cưng (sửa tên, ảnh, cân nặng, triệt sản...) và API lưu trữ (status = archived hoặc deceased) thay vì xóa cứng.,Medium
46,40,Giao diện Thêm mới Thú cưng 3 Bước (PET-3.6),Task,Xây dựng giao diện nhập liệu chia làm 3 bước: Step 1 (Basic Info), Step 2 (Details), Step 3 (Medical & Status). Sử dụng React Hook Form quản lý State xuyên suốt.,High
47,40,Giao diện Chi tiết Thú cưng & QR Code (PET-3.7),Task,Dashboard của Pet: Hiển thị avatar, tên, tuổi, giống. Tab phụ: Timeline, Health, Reminders, EMR, Album. Nút Share Profile sinh mã QR Code dựa trên token bảo mật bảng pet_shares.,High
50,,PET-4 Health Tracking,Epic,Phân hệ ghi nhận chỉ số sinh học hàng ngày, ăn uống, thể chất và vẽ biểu đồ theo dõi cân nặng.,Medium
51,50,Thiết lập Database & Entity cho Sức khỏe (PET-4.1),Task,Tạo các bảng weight_logs, health_conditions, health_logs. Ánh xạ thành Entity JPA và xây dựng Repositories.,High
52,50,API Ghi nhận Cân nặng & Lịch sử biến động (PET-4.2),Task,Viết API thêm mới cân nặng của thú cưng. Trong Transaction: chèn weight_logs, cập nhật current_weight trong pets, ghi sự kiện lên timeline. API lấy lịch sử cân nặng để vẽ biểu đồ.,High
53,50,API Nhật ký Sức khỏe hàng ngày (PET-4.3),Task,Viết API lưu nhật ký sức khỏe (ăn uống, hoạt động, biểu hiện bất thường). Sử dụng ON DUPLICATE KEY UPDATE để ghi đè log trong cùng một ngày.,Medium
54,50,API Quản lý Bệnh lý & Dị ứng (PET-4.4),Task,Viết API thêm mới các bệnh mãn tính hoặc dị ứng (health_conditions), cập nhật trạng thái bệnh (is_active) và lấy danh sách bệnh lý.,Medium
55,50,Giao diện Ghi Nhật ký Sức khỏe & Thêm Cân nặng (PET-4.5),Task,Form nhập nhanh: Số cân nặng, Bộ chọn mức độ ăn uống bằng icon/nút bấm trực quan, Ô nhập ghi chú biểu hiện bất thường.,High
56,50,Biểu đồ đường Cân nặng (PET-4.6),Task,Tích hợp react-native-chart-kit hoặc react-native-gifted-charts. Vẽ biểu đồ Line Chart thể hiện sự biến động cân nặng theo thời gian.,High
57,50,Giao diện Danh sách Nhật ký & Bệnh lý (PET-4.7),Task,Hiển thị danh sách các log sức khỏe cũ, danh sách dị ứng, bệnh mãn tính đang điều trị trong tab Health của Pet.,Medium
60,,PET-5 Vaccination,Epic,Phân hệ quản lý lịch tiêm phòng vắc-xin, theo dõi mũi tiêm đã hoàn thành, quá hạn và tải ảnh sổ tiêm làm minh chứng.,High
61,60,Thiết lập Database & Entity cho Tiêm chủng (PET-5.1),Task,Tạo bảng vaccine_templates và pet_vaccinations. Ánh xạ thành JPA Entity và thiết lập khóa ngoại liên kết.,High
62,60,API Lịch tiêm phòng của Thú cưng (PET-5.2),Task,Viết API lấy danh sách toàn bộ mũi tiêm của thú cưng, hỗ trợ lọc theo trạng thái (scheduled, completed, overdue).,Medium
63,60,API Đánh dấu Hoàn thành & Cập nhật mũi tiêm (PET-5.3),Task,Cho phép cập nhật trạng thái mũi tiêm sang completed hoặc skipped. Nhập ngày tiêm thực tế, bác sĩ, phòng khám, chi phí, URL ảnh minh chứng. Ghi sự kiện lên timeline.,High
64,60,API Tải lên Minh chứng Y tế (PET-5.4),Task,Nhận tệp ảnh sổ tiêm chủng gửi từ thiết bị (multipart/form-data). Lưu ảnh vào thư mục /uploads/vaccines/ của máy chủ, trả về URL tĩnh.,Medium
65,60,Giao diện Danh sách & Cập nhật Lịch tiêm (PET-5.5),Task,Hiển thị danh sách mũi tiêm sắp tới (màu cam), quá hạn (màu đỏ), đã hoàn thành (màu xanh). Hộp thoại cập nhật thông tin và chọn ảnh sổ tiêm từ thư viện điện thoại tải lên.,High
70,,PET-6 Care Reminder,Epic,Phân hệ lên lịch chăm sóc định kỳ (tắm rửa, tẩy giun, cắt móng, uống thuốc) và tự động gửi Push Notification đến thiết bị.,High
71,70,Thiết lập Database & Entity cho Nhắc nhở (PET-6.1),Task,Tạo bảng care_reminders và care_reminder_logs. Ánh xạ thành JPA Entity. Ràng buộc ON DELETE CASCADE khi xóa thú cưng, ON DELETE SET NULL khi người thực hiện bị xóa.,High
72,70,API Quản lý Nhắc nhở chăm sóc (PET-6.2),Task,API CRUD tạo mới nhắc nhở với tần suất lặp (once, daily, weekly, monthly, yearly). Tính toán next_due_date, tự động tạo log pending đầu tiên.,High
73,70,Xây dựng Động cơ Đẩy thông báo tự động (PET-6.3),Task,Viết một Spring Boot Scheduler chạy định kỳ 5 phút. Quét các nhắc nhở đến hạn trong ngày và giờ nhắc. Lấy device_token của chủ nuôi và các co-parents.,High
74,70,Tích hợp Cổng Đẩy Expo Push Notification (PET-6.4),Task,Kết nối API Spring Boot với Expo Push Notification Service. Gửi payload thông báo kèm dữ liệu đính kèm để xử lý deep link. Ghi log vào bảng notifications.,High
75,70,API Cập nhật trạng thái Nhật ký nhắc nhở (PET-6.5),Task,API Hoàn thành: Cập nhật log thành completed, tính next_due_date của nhắc nhở gốc, tạo log pending mới cho kỳ sau, ghi sự kiện lên timeline. API Hoãn lịch: Cập nhật hoãn (snoozed_until).,High
76,70,Giao diện Quản lý Nhắc nhở & Tương tác thông báo nhanh (PET-6.6),Task,Tab Reminders hiển thị danh sách dạng lịch tuần. Form thêm/sửa nhắc nhở. Xử lý Deep Linking khi người dùng chạm vào Notification mở hộp thoại tương tác nhanh (Complete/Snooze).,High
80,,PET-7 Social Feed,Epic,Phân hệ cho phép chia sẻ hình ảnh khoảnh khắc của thú cưng, gắn thẻ thú cưng, tương tác thích, bình luận và kết bạn.,Medium
81,80,Thiết lập Database & Entity cho Mạng xã hội (PET-7.1),Task,Tạo các bảng posts, post_likes, post_comments, friendships, friend_requests. Ánh xạ thành JPA Entity. Khóa check user_id1 < user_id2 ở bảng friendships.,High
82,80,API Đăng tải Khoảnh khắc & Lưu trữ Ảnh (PET-7.2),Task,Viết API tạo bài đăng mới dạng multipart/form-data. Lưu ảnh vào thư mục tĩnh /uploads/posts/, chuyển đổi thành mảng JSON lưu tại cột images của bảng posts để tối ưu hiệu năng. Tạo sự kiện timeline cho pet.,High
83,80,API Bảng tin chung & Album Thú cưng (PET-7.3),Task,API Feed: Lấy danh sách bài viết từ bản thân và bạn bè (friendships) có trạng thái published, hỗ trợ phân trang. API Album: Lấy tất cả ảnh từ bài viết được tag pet_id.,High
84,80,API Tương tác: Thích & Bình luận bài viết (PET-7.4),Task,API Reactions: Lưu vào post_likes. API Bình luận: Lưu vào post_comments. API Xóa bình luận: Chỉ cập nhật status = deleted. Tự động gửi thông báo hệ thống nếu người tương tác không phải tác giả.,Medium
85,80,API Kết bạn & Quản lý mối quan hệ (PET-7.5),Task,API Gửi lời mời (friend_requests pending). API Chấp nhận: chuyển accepted, tạo mối quan hệ bạn bè 2 chiều (friendships). API Hủy kết bạn: Xóa trong friendships.,Medium
86,80,Giao diện Bảng tin & Đăng bài viết (PET-7.6),Task,Giao diện Feed danh sách cuộn bài đăng (avatar, tên, carousel ảnh, nút like/comment). Giao diện Đăng bài chọn ảnh từ máy, nhập caption, tag pet. BottomSheet bình luận.,High
87,80,Giao diện Quản lý Bạn bè & Lời mời kết bạn (PET-7.7),Task,Hiển thị danh sách bạn bè hiện tại (tìm kiếm nhanh) và tab Lời mời kết bạn với nút Đồng ý / Từ chối.,Medium
90,,PET-8 Co-Parenting,Epic,Phân hệ cho phép nhiều người dùng cùng tham gia chăm sóc, cập nhật nhật ký sức khỏe và theo dõi lịch sử sự kiện của thú cưng.,Medium
91,90,API Lời mời đồng chăm sóc & Phân quyền (PET-8.1),Task,Chủ sở hữu chính tạo lời mời. API sinh mã mời ngẫu nhiên (invite_code), thiết lập quyền (editor/viewer) và lưu vào co_parent_invitations (hạn dùng 48h).,Medium
92,90,API Chấp nhận lời mời đồng chăm sóc (PET-8.2),Task,Kiểm tra mã mời hợp lệ. Chèn bản ghi vào pet_co_parents, cập nhật status mã mời thành accepted, tạo sự kiện timeline cho thú cưng.,High
93,90,API Quản lý & Thu hồi quyền đồng chăm sóc (PET-8.3),Task,API lấy danh sách co-parents của thú cưng. API thu hồi quyền co-parent (chỉ chủ sở hữu chính được gọi): Xóa bản ghi trong pet_co_parents.,Medium
94,90,API Dòng thời gian hoạt động của Thú cưng (PET-8.4),Task,Viết API lấy danh sách sự kiện dòng thời gian sắp xếp ngược theo thời gian từ bảng pet_timeline_events (sinh ra tự động từ các hoạt động chăm sóc).,Medium
95,90,Giao diện Mời Co-Parent & Theo dõi Dòng thời gian (PET-8.5),Task,Nút Add Co-Parent mở form chọn quyền và hiển thị mã QR/mã mời nhanh. Giao diện Timeline hiển thị các mốc sự kiện lịch sử của Pet theo dạng dọc trực quan.,High
100,,PET-9 Admin Control Panel,Epic,Phân hệ dành riêng cho quản trị viên cấu hình danh mục vắc-xin, duyệt nội dung và xem thống kê báo cáo hệ thống.,Low
101,100,Cấu hình Phân quyền API Admin (PET-9.1),Task,Cấu hình phân quyền Spring Security: chặn toàn bộ route /api/v1/admin/** chỉ cho phép vai trò ROLE_ADMIN truy cập.,High
102,100,API Quản lý Danh mục Loài, Giống & Mẫu Vắc-xin (PET-9.2),Task,Viết API CRUD cho loài thú cưng (categories_species), giống (categories_breeds) và vắc-xin gợi ý mẫu (vaccine_templates).,Medium
103,100,API Kiểm duyệt Người dùng & Bài viết MXH (PET-9.3),Task,API Block tài khoản (status = banned) và vô hiệu hóa các sessions. API Ẩn bài đăng vi phạm (status = hidden). Ghi audit log vào admin_audits.,Medium
104,100,API Thống kê Báo cáo Tổng quan Hệ thống (PET-9.4),Task,API thống kê dữ liệu tổng hợp: tổng người dùng, số thú cưng mới tạo, nhắc nhở đã hoàn thành, số bài đăng. Đọc từ bảng admin_analytics_daily.,Medium
105,100,Giao diện Web Portal cho Admin (PET-9.5),Task,Trang web quản trị: Dashboard biểu đồ phân tích, Quản lý danh sách người dùng (khóa/mở khóa), Quản lý danh mục vắc-xin mẫu, loài & giống thú cưng.,Medium
110,,PET-10 Testing & QA,Epic,Phân hệ chịu trách nhiệm viết test bao phủ logic backend, kiểm thử giao diện di động và thử nghiệm luồng hoạt động đầu cuối.,Medium
111,110,Viết Unit Tests cho Tầng Service Backend (PET-10.1),Task,Sử dụng JUnit 5 và Mockito giả lập Repository, viết kiểm thử logic nghiệp vụ cho các Services (AuthService, PetService, ReminderService). Đạt độ bao phủ tối thiểu 80%.,Medium
112,110,Viết Integration Tests cho REST APIs (PET-10.2),Task,Sử dụng SpringBootTest và MockMvc viết test tích hợp giả lập gửi HTTP request lên các endpoints Controller. Xác thực cấu trúc JSON body trả về.,Medium
113,110,Viết Unit Tests Giao diện di động (PET-10.3),Task,Sử dụng Jest và React Native Testing Library viết test kiểm tra trạng thái render của các component cốt lõi (form nhập liệu, validation lỗi).,Low
114,110,Kiểm thử Đầu cuối Toàn diện & Sửa lỗi (PET-10.4),Task,Tiến hành chạy ứng dụng trên thiết bị thật/giả lập. Thử nghiệm toàn bộ luồng hoạt động chính: Đăng ký -> Đăng nhập -> Tạo Pet -> Lên lịch nhắc nhở -> Nhận push notification -> Tương tác -> Sửa lỗi.,High
